AfAm,Indg,LGBTQ,Women
aAfrican American abolitionists,aAbenaki Indians,aAbused lesbians,aAbenaki women
aAfrican American academic libraries,aAbitibi Indians,aAbusive lesbian partners,aAchi women
aAfrican American accountants,aAhtena Indians,aAfrican American bisexual men,aAchuar women
aAfrican American actors,aAlgonquian Indians,aAfrican American bisexual women,aAcoma women
aAfrican American actresses,aAlgonquin Indians,aAfrican American bisexuals,aActresses
aAfrican American admirals,aApache Indians,aAfrican American gay actors,aAdulteresses
aAfrican American adoptive parents,aArapaho Indians,aAfrican American gay men,aAdvertising and women
aAfrican American advertising agencies,aArikara Indians,aAfrican American lesbians,aAfghan American women
aAfrican American aesthetics,aAtakapa Indians,aAfrican American transgender people,aAfghan American women social reformers
aAfrican American agricultural economists,aAthapascan Indians,aAsexual people,aAfrican American women
aAfrican American agricultural extension workers,aAtikamekw Indians,aAsexuality (Sexual orientation),aAfrican American women abolitionists
aAfrican American agricultural laborers,aBearlake Indians,aAsian American bisexuals,aAfrican American women air pilots
aAfrican American agriculturists,aBrotherton Indians,aAsian American gay men,aAfrican American women art dealers
aAfrican American air pilots,aCaddo Indians,aAsian American lesbians,aAfrican American women artists
aAfrican American anthropologists,aCaddoan Indians ,aBisexual college students,aAfrican American women astronauts
aAfrican American apprentices,aCarrier Indians,aBisexual feminism,aAfrican American women athletes
aAfrican American architects,aChastacosta Indians,aBisexual high school students,aAfrican American women authors
aAfrican American architecture,aChetco Indians,aBisexual librarians,aAfrican American women basketball players
aAfrican American art,aCheyenne Indians,aBisexual men,aAfrican American women cartoonists
aAfrican American artisans,aChilcotin Indians,aBisexual parents,aAfrican American women chemists
aAfrican American artists,aChilula Indians,aBisexual students,aAfrican American women chief executive officers
aAfrican American artists as teachers,aChipewyan Indians,aBisexual teachers,aAfrican American women choreographers
aAfrican American arts,aChowanoc Indians,aBisexual teenagers,aAfrican American women civic leaders
aAfrican American astrology,aConoy Indians,aBisexual women,aAfrican American women civil rights workers
aAfrican American astronauts,aCoree Indians,aBisexual youth,aAfrican American women clergy
aAfrican American athletes,aCree Indians,aBisexuality,aAfrican American women college administrators
aAfrican American athletes in literature,aDakubetede Indians,aBisexuality and education,aAfrican American women college students
aAfrican American athletic directors,aDeg Hit'an Indians,aBisexuality in literature,aAfrican American women college teachers
aAfrican American authors,aDelaware Indians,aBisexuality in marriage,aAfrican American women comedians
aAfrican American automobile dealers,aDena'ina Indians,aBisexuality in motion pictures,aAfrican American women composers
aAfrican American automobile drivers,aDogrib Indians,aBisexuality on television,aAfrican American women cooks
aAfrican American automobile industry workers,aEskimos,aBisexuals,aAfrican American women critics
aAfrican American automobile racing drivers,aEyak Indians,aBisexuals' writings,aAfrican American women dancers
aAfrican American Bahais,aFox Indians,"aBisexuals' writings, American",aAfrican American women diplomats
aAfrican American bail bond agents,aGalice Indians,"aBisexuals' writings, Canadian",aAfrican American women dramatists
aAfrican American ballerinas,aGwich'in Indians,"aBisexuals' writings, English",aAfrican American women educators
aAfrican American band directors,aHan Indians,aBuddhist gays,aAfrican American women employees
aAfrican American bankers,aHasinai Indians,aCatholic gay men,aAfrican American women entertainers
aAfrican American banks,aHupa Indians,aCatholic gays,aAfrican American women evangelists
aAfrican American Baptists,aIllinois Indians,aCatholic lesbians,aAfrican American women executives
aAfrican American barbers,aIndian aesthetics,aCharles' law,aAfrican American women golfers
aAfrican American barbershops,aIndian gays,aChildren of gay parents,aAfrican American women healers
aAfrican American baseball managers,aIndian lesbians,aChildren of transgender parents,aAfrican American women health reformers
aAfrican American baseball players,aIndian sailors,aChristian gay men,aAfrican American women heroes
aAfrican American baseball players in mass media,aIndians in art,aChristian gays,aAfrican American women household employees
aAfrican American baseball team owners,aIndians in literature,aChristian lesbians,aAfrican American women jazz singers
aAfrican American baseball umpires,aIndians in mass media,aChristian transgender people,aAfrican American women jewel thieves
aAfrican American basket makers,aIndians in motion pictures,aCree gay men,aAfrican American women journalists
aAfrican American basketball coaches,aIndians in music,aCuban American lesbians,aAfrican American women judges
aAfrican American basketball players,aIndians of Central America,aDeaf gays,aAfrican American women law teachers
aAfrican American baskets,aIndians of Mexico,aEast Indian American lesbians,aAfrican American women lawyers
aAfrican American beauty operators,aIndians of North America,aEighteen nineties,aAfrican American women legislators
aAfrican American biologists,aIndians of North America in textbooks,aGay accommodations,aAfrican American women librarians
aAfrican American bisexual men,aIndians of South America,aGay activists,aAfrican American women mathematicians
aAfrican American bisexual women,aIndians of the West Indies,aGay actors,aAfrican American women motion picture producers and directors
aAfrican American bisexuals,aIndians on postage stamps,aGay adoption,aAfrican American women musicians
aAfrican American bishops,aIndians on television,aGay and lesbian dance parties,aAfrican American women newspaper editors
aAfrican American blacksmiths,aIndians with disabilities,aGay and lesbian film festivals,aAfrican American women novelists
aAfrican American book collectors,"aIndians, Treatment of",aGay and lesbian studies,aAfrican American women Olympic athletes
aAfrican American boxers,aInuit,aGay anthropologists,aAfrican American women pacifists
aAfrican American boys,aKato Indians,aGay artists,aAfrican American women park employees
aAfrican American boys in literature,aKawchottine Indians,aGay artists in popular culture,aAfrican American women performance artists
aAfrican American Brethren (Church of the Brethren),aKickapoo Indians,aGay athletes,aAfrican American women photographers
aAfrican American Buddhists,aKiowa Apache Indians,aGay authors,aAfrican American women physical scientists
aAfrican American business enterprises,aKoyukon Indians,aGay bars,aAfrican American women physicians
aAfrican American businesspeople,aLibraries and Eskimos,aGay bathhouses,aAfrican American women physicists
aAfrican American cabinetmakers,aLumbee Indians,aGay bodybuilders,aAfrican American women pioneers
aAfrican American capitalists and financiers,aMahican Indians,aGay broadcasters,aAfrican American women poets
aAfrican American caregivers,aManhattan Indians,aGay business enterprises,aAfrican American women political activists
aAfrican American cartoonists,aMascouten Indians,aGay businessmen,aAfrican American women politicians
aAfrican American Catholics,aMashpee Indians,aGay caregivers,aAfrican American women public relations personnel
aAfrican American celebrities,aMassachuset Indians,aGay cartoonists,aAfrican American women rock musicians
aAfrican American cemeteries,aMassapequa Indians,aGay choirs,aAfrican American women rowers
aAfrican American ceramic sculpture,aMenominee Indians,aGay clergy,aAfrican American women scholars
aAfrican American checker players,aMiami Indians,aGay clubs,aAfrican American women school administrators
aAfrican American chemists,aMicmac Indians,aGay coaches (Athletics),aAfrican American women school principals
aAfrican American children,aMinisink Indians,aGay college students,aAfrican American women school superintendents
aAfrican American children in literature,aMissisauga Indians,aGay college teachers,aAfrican American women scientists
aAfrican American children's games,aMistassin Indians,aGay columns in newspapers,aAfrican American women screenwriters
aAfrican American children's librarians,aMohegan Indians,aGay comedians,aAfrican American women singers
aAfrican American children's writings,aMonacan Indians,aGay community,aAfrican American women social reformers
aAfrican American choirs,aMontagnais Indians,aGay composers,aAfrican American women sports executives
aAfrican American choral conductors,aMontauk Indians,aGay conductors (Music),aAfrican American women sprinters
aAfrican American choreographers,aNahane Indians,aGay conservatives,aAfrican American women storytellers
aAfrican American Christian educators,aNanticoke Indians,aGay consumers,aAfrican American women suffragists
aAfrican American Christians,aNarragansett Indians,aGay counselors,aAfrican American women superheroes
aAfrican American Christians (Disciples of Christ),aNaskapi Indians,aGay couples,aAfrican American women surgeons
aAfrican American Christians (General Convention of the Christian Church),aNauset Indians,aGay critics,aAfrican American women tap dancers
aAfrican American church musicians,aNavajo Indians,aGay culture,aAfrican American women teachers
aAfrican American churches,aNiantic Indians,aGay culture in literature,aAfrican American women television journalists
aAfrican American churches in literature,aNipissing Indians,aGay deacons,aAfrican American women television producers and directors
aAfrican American civic leaders,aNipmuc Indians,aGay detectives,aAfrican American women tennis players
aAfrican American civil rights workers,aNorridgewock Indians,aGay discotheques,aAfrican American women track and field athletes
aAfrican American clergy,aNumic Indians,aGay dramatists,aAfrican American women travelers
aAfrican American clergy in literature,aOff-reservation Indians,aGay erotic art,aAguaruna women
aAfrican American coaches (Athletics),aOjibwa Indians,"aGay erotic comic books, strips, etc.",aAlaska Native women
aAfrican American coal miners,aOjibwa Indians ,aGay erotic drama,aAleut women
aAfrican American college administrators,aOlder Eskimos,"aGay erotic drama, American",aAleut women basket makers
aAfrican American college athletes,aOlder Ojibwa Indians,aGay erotic drawing,aAlgonquian women
aAfrican American college graduates,aOttawa Indians,aGay erotic films,aAmateur plays
aAfrican American college presidents,aPaelo-Eskimos,aGay erotic literature,aApache women
aAfrican American college students,aPaugusset Indians,"aGay erotic literature, American",aArab American women
aAfrican American college teachers,aPawnee Indians,"aGay erotic literature, English",aArapaho women
aAfrican American college teachers in literature,aPennacook Indians,"aGay erotic literature, French",aArchitecture and women
aAfrican American comedians,aPequot Indians,"aGay erotic literature, Mexican",aArgentine American women
aAfrican American communists,aPiegan Indians ,aGay erotic photography,aArikara women
aAfrican American community college students,aPotawatomi Indians,aGay erotic poetry,aArmenian American women
aAfrican American composers,aPowhatan Indians,"aGay erotic poetry, American",aAshaninca women
aAfrican American conductors (Music),aQuinnipiac Indians,"aGay erotic poetry, English",aAsian American women
aAfrican American Congregationalists,aReservation Indians,"aGay erotic poetry, French",aAsian American women artists
aAfrican American conservationists,aSakonnet Indians,"aGay erotic poetry, Greek",aAsian American women authors
aAfrican American conservatives,aSarsi Indians,"aGay erotic poetry, Greek (Modern)",aAsian American women college teachers
aAfrican American construction workers,aSauk Indians (Algonquian),"aGay erotic poetry, Japanese",aAsian American women employees
aAfrican American consumers,aScaticook Indians,"aGay erotic poetry, Mexican",aAssiniboine women
aAfrican American cooking,aSekani Indians,"aGay erotic poetry, Philippine (English)",aAthapascan women
aAfrican American cooks,aSewee Indians ,aGay erotic stories,aAymara women
aAfrican American country musicians,aShawnee Indians,"aGay erotic stories, American",aAztec women
aAfrican American county agricultural agents,aShoshonean Indians,"aGay erotic stories, English",aBahai women
aAfrican American couples,aShoshoni Indians,"aGay erotic stories, German",aBallerinas
aAfrican American cowboys,aSiksika Indians,"aGay erotic stories, Philippine (English)",aBannock women
aAfrican American criminal justice personnel,aSinkyone Indians,"aGay erotic stories, Tagalog",aBanteay Srei Temple (Cambodia)
aAfrican American criminals,aSlavey Indians,aGay erotica,aBaptist women
aAfrican American criminologists,aTagish Indians,aGay executives,aBasque American women
aAfrican American critics,aTanana Indians,aGay family,aBisexual women
aAfrican American cyclists,aTawakoni Indians,aGay fathers,aBlack Seminole women
aAfrican American dance,aTimiskaming Indians,aGay figure skaters,aBlouses
aAfrican American dance teachers,aTinne Indians,aGay flight attendants,aBrahman women
aAfrican American dancers,aTolowa Indians,aGay Head Indians,aBrulé women
aAfrican American decorative arts,aTsattine Indians,aGay Head Light (Mass.),aBuddhist women
aAfrican American dentists,aTsetsaut Indians,aGay heroes,aBusinesswomen
aAfrican American detectives,aTutchone Indians,aGay high school students,aCahuilla women
aAfrican American diplomats,aTututni Indians,aGay human services personnel,aCaingua women
aAfrican American disc jockeys,aTwo-spirit people,aGay immigrants,aCakchikel women
aAfrican American dramatists,aUmpqua Indians,aGay journalists,aCambodian American women
aAfrican American dropouts,aUnkechaug Indians,aGay kings and rulers,aCamp followers
aAfrican American economists,aWailaki Indians,aGay labor union members,aCanelo women
aAfrican American editors,aWampanoag Indians,aGay lawyers,aCarib women
aAfrican American educators,aWeapemeoc Indians,aGay legislators,aCarrier women
aAfrican American elementary schools,aWichita Indians,aGay liberation movement,aCatholic women
aAfrican American engineers,aYahuskin Indians,aGay librarians,aCayapa women
aAfrican American entertainers,,aGay libraries,"aÇekirge Hamamı (Bursa, Turkey)"
aAfrican American entertainers in art,,aGay male . . .,aCentral American American women household employees
aAfrican American entertainers in literature,,aGay man-heterosexual woman relationships in motion pictures,aCherokee women
aAfrican American environmentalists,,aGay man-heterosexual woman relationships on television,aCheyenne women
aAfrican American Episcopalians,,aGay men,aChiapanec women
aAfrican American evangelists,,aGay men and musicals,aChickasaw women
aAfrican American executives,,aGay men in art,aChildren of women drug addicts
aAfrican American explorers,,aGay men in literature,aChildren of women prisoners
aAfrican American extended families,,aGay men in mass media,aChilean American women
aAfrican American families,,aGay men in motion pictures,aChilkat women
aAfrican American families in art,,aGay men on postage stamps,aChinese American women
aAfrican American families in literature,,aGay men on television,aChinook women
aAfrican American farmers,,"aGay men, Black",aChiricahua women
aAfrican American fashion designers,,"aGay men, White",aChiripá women
aAfrican American fashion editors,,aGay men's writings,aChoco women
aAfrican American fathers,,"aGay men's writings, Afrikaans",aChoctaw women
aAfrican American feminists,,"aGay men's writings, American",aChorti women
aAfrican American fighter pilots,,"aGay men's writings, Arabic",aChristian women
aAfrican American figure skaters,,"aGay men's writings, Argentine",aChristian women martyrs
aAfrican American film critics,,"aGay men's writings, Australian",aChristian women saints
aAfrican American fire fighters,,"aGay men's writings, Brazilian",aChumash women
aAfrican American fishers,,"aGay men's writings, Canadian",aClatsop women
aAfrican American folk art,,"aGay men's writings, Cuban",aCoeur d'Alene women
aAfrican American football coaches,,"aGay men's writings, Dutch",aCollege sports for women
aAfrican American football players,,"aGay men's writings, English",aColville women
aAfrican American fraternal organizations,,"aGay men's writings, French",aComanche women
aAfrican American freemasonry,,"aGay men's writings, German",aComputers and women
aAfrican American freemasons,,"aGay men's writings, Greek",aCoquille women
aAfrican American gangs,,"aGay men's writings, Indic",aCree women
aAfrican American gardens,,"aGay men's writings, Indic (English)",aCreek women
aAfrican American gay actors,,"aGay men's writings, Irish",aCrow women
aAfrican American gay men,,"aGay men's writings, Italian",aCuban American women
aAfrican American gays,,"aGay men's writings, Japanese",aCuban American women legislators
aAfrican American gays in literature,,"aGay men's writings, Latin (Medieval and modern)",aCuban American women television personalities
aAfrican American generals,,"aGay men's writings, Latin American",aCuna women
aAfrican American geographers,,"aGay men's writings, Mexican",aCupeño women
aAfrican American girls,,"aGay men's writings, New Zealand",aDakota women
aAfrican American golfers,,"aGay men's writings, North African (French)",aDanish American women
aAfrican American gospel singers,,"aGay men's writings, Philippine",aDeaf women
aAfrican American government executives,,"aGay men's writings, Russian",aDelaware women
aAfrican American governors,,"aGay men's writings, Scottish",aDena'ina women
aAfrican American graduate students,,"aGay men's writings, South African (English)",aDominican American women
aAfrican American grandmothers,,aGay military cadets,aDutch American women
aAfrican American Greek letter societies,,aGay military personnel,aEast Indian American women
aAfrican American guitarists,,aGay motion picture actors and actresses,aed States
aAfrican American healers,,aGay motion picture producers and directors,aEgyptian American women
"aAfrican American Heritage Trail (Washington, D.C.)",,aGay motorcycle clubs,aEmbera women
aAfrican American Heritage Trail of Martha's Vineyard (Mass.),,aGay musicians,aEskimo women
aAfrican American Heroines of Jericho,,aGay musicologists,aExiled women authors
aAfrican American high school athletes,,aGay newspapers,aFascism and women
aAfrican American high school boys,,aGay novelists,aFemale assassins
aAfrican American high school students,,"aGay novelists, American",aFemale friendship
aAfrican American historians,,"aGay novelists, English",aFemale gang members
aAfrican American History Month,,aGay nurses,aFemale offenders
"aAfrican American History Monument (Columbia, S.C.)",,aGay ocean liner passengers,aFemale sex offenders
aAfrican American Holiness church members,,aGay online chat groups,aFeminine names
aAfrican American home economics extension workers,,aGay parents,aFeminism
aAfrican American homeless children,,aGay personals,aFeminist films
aAfrican American homeless persons,,aGay photographers,aFeminist theater
aAfrican American homeless persons in literature,,aGay physical education teachers,aFilipino American women
aAfrican American homeless women,,aGay police officers,aFilipino American women artists
aAfrican American horsemen and horsewomen,,aGay political refugees,aFilipino American women authors
aAfrican American household employees,,aGay politicians,aFilipino American women college students
aAfrican American hunters,,aGay pornographic films,aFinnish American women
aAfrican American illustrators,,aGay pornography,aFox women
aAfrican American infants,,aGay press,aFrench-Canadian women
aAfrican American inmate guards,,aGay press publications,aGarifuna women
aAfrican American intellectuals,,aGay pride celebrations,aGerman American women
aAfrican American inventors,,aGay Pride Day,aGirl groups (Musical groups)
aAfrican American investment advisors,,aGay pride parades,aGoajiro women
aAfrican American iron and steel workers,,aGay prisoners,aGreek American women
aAfrican American jazz musicians,,aGay private investigators,aGuarani women
aAfrican American Jews,,aGay psychiatrists,aGuatemalan American women
aAfrican American jockeys,,aGay psychoanalysts,aGuaymi women
aAfrican American journalists,,aGay psychologists,aGullah women
aAfrican American judges,,aGay public officers,aGwich'in women
aAfrican American juvenile delinquents,,aGay real estate agents,aHaida women
aAfrican American labor leaders,,aGay rights,aHaitian American women surgeons
aAfrican American labor union members,,aGay rights in literature,aHavasupai women
aAfrican American laundresses,,aGay rodeos,aHawaiian women
aAfrican American law schools,,aGay sailors,aHawaiian women in art
aAfrican American law students,,aGay singers,aHeiresses
aAfrican American law teachers,,aGay skinheads,aHidatsa women
aAfrican American lawyers,,aGay skinheads in motion pictures,aHindu women
aAfrican American leadership,,aGay social workers,aHindu women saints
aAfrican American legislative employees,,aGay song festivals,aHispanic American women
aAfrican American legislators,,aGay spies,aHispanic American women artists
aAfrican American lesbians,,aGay students,aHispanic American women authors
aAfrican American lesbians in motion pictures,,aGay superheroes,aHispanic American women civic leaders
aAfrican American librarians,,aGay teachers,aHispanic American women college students
aAfrican American lifeboat crew members,,aGay teenagers,aHispanic American women college teachers
aAfrican American linguists,,aGay teenagers in literature,aHispanic American women dramatists
aAfrican American loyalists,,aGay theater,aHispanic American women healers
aAfrican American Lutherans,,aGay theatrical producers and directors,aHispanic American women in the professions
aAfrican American magic,,aGay travelers,aHispanic American women legislators
aAfrican American magicians,,aGay veterans,aHispanic American women political activists
aAfrican American male college students,,aGay wit and humor,aHispanic American women television personalities
aAfrican American male singers,,aGay youth,aHmong American women
aAfrican American male teachers,,aGay youths' writings,aHo-Chunk women
aAfrican American martial artists,,aGay-parent families,aHopi women
aAfrican American mass media,,aGay-parent families in literature,aHopi women potters
aAfrican American mathematicians,,aGays,aHorsemen and horsewomen
aAfrican American mayors,,aGays in advertising,aHuave women
aAfrican American medical colleges,,aGay-straight alliances in schools,aHuichol women
aAfrican American medical students,,aGender nonconformity,aHuilliche women
aAfrican American Medicare beneficiaries,,aGender nonconformity on television,aHupa women
aAfrican American mediums,,aGlam rock music,aIllegal immigration
aAfrican American men,,aHispanic American bisexual men,aInca women
aAfrican American men in art,,aHispanic American bisexual women,aIndian women
aAfrican American men in literature,,aHispanic American gay artists,aIndian women activists
aAfrican American men in motion pictures,,aHispanic American gay men,aIndian women air pilots
aAfrican American men in popular culture,,aHispanic American lesbians,aIndian women artisans
aAfrican American Mennonites,,aHIV-positive bisexual men,aIndian women artists
aAfrican American merchant mariners,,aHIV-positive gay men,aIndian women authors
aAfrican American messianism,,aHomophobia,aIndian women basket makers
aAfrican American Methodists,,aHomosexuality in the workplace,aIndian women civic leaders
aAfrican American middle school boys,,aIndian lesbians,aIndian women college students
aAfrican American middle school students,,aInternalized homophobia in lesbians,aIndian women dramatists
aAfrican American middle school teachers,,aInternet and bisexual men,aIndian women educators
aAfrican American middle-aged women,,aInternet and gay men,aIndian women elders (Indigenous leaders)
aAfrican American midshipmen,,aIntersexuality,aIndian women employees
aAfrican American midwives,,aItalian American lesbians,aIndian women healers
aAfrican American midwives in literature,,aJane (Fictitious character : Pett),aIndian women painters
aAfrican American military cadets,,aJewish bisexuals,aIndian women photographers
aAfrican American missionaries,,aJewish gay men,aIndian women physicians
aAfrican American models,,aJewish gays,aIndian women poets
aAfrican American Mormons,,aJewish lesbians,aIndian women potters
aAfrican American mothers,,aJewish transgender people,aIndian women sculptors
aAfrican American mothers in art,,aLesbian activists,aIndian women shamans
aAfrican American mothers in literature,,aLesbian actresses,aIndian women singers
aAfrican American motion picture actors and actresses,,aLesbian anthropologists,aIndian women teachers
aAfrican American motion picture producers and directors,,aLesbian artists,aIndian women veterans
aAfrican American motorcyclists,,aLesbian artists in popular culture,aIndian women wood-carvers
aAfrican American mural painting and decoration,,aLesbian athletes,aIngano women
aAfrican American music teachers,,aLesbian authors,"aInternational Women's Decade, 1976-1985"
aAfrican American musicians,,aLesbian bars,"aInternational Women's Year, 1975"
aAfrican American musicians in art,,aLesbian bars in motion pictures,aInternet and women
aAfrican American musicians in literature,,aLesbian business enterprises,aInuit women
aAfrican American Muslims,,aLesbian businesswomen,aInuit women artists
aAfrican American neighborhoods,,aLesbian cartoonists,aInuit women sculptors
aAfrican American newspaper editors,,aLesbian clergy,aInupiat women
aAfrican American newspapers,,aLesbian college students,aIranian American women
aAfrican American novelists,,aLesbian college teachers,aIraqi American women
aAfrican American nuns,,aLesbian community,aIrish American women
aAfrican American nurses,,aLesbian composers,aIroquoian women
aAfrican American nursing schools,,aLesbian consumers,aIroquois women
aAfrican American nursing students,,aLesbian couples,aIsleta women
aAfrican American occultists,,aLesbian couples as parents,aItalian American women
aAfrican American opera company executives,,aLesbian culture,aItalian American women authors
aAfrican American optometrists,,aLesbian detectives,aItalian American women governors
aAfrican American oral tradition,,aLesbian dramatists,aIxil women
aAfrican American orators,,aLesbian erotic art,aJaina women
aAfrican American orchestral musicians,,aLesbian erotic films,aJaina women saints
aAfrican American outlaws,,aLesbian erotic literature,aJamaican American women
aAfrican American pacifists,,aLesbian erotic poetry,aJapanese American women
aAfrican American packing-house workers,,"aLesbian erotic poetry, American",aJapanese American women household employees
aAfrican American painters,,"aLesbian erotic poetry, Canadian",aJapanese American women legislators
aAfrican American painting,,"aLesbian erotic poetry, English",aJapanese American women soldiers
aAfrican American parents,,"aLesbian erotic poetry, Mexican",aJapanese American women teachers
aAfrican American parents' and teachers' associations,,"aLesbian erotic poetry, Puerto Rican",aJewish women
aAfrican American Pentecostal churches,,aLesbian erotic stories,aJewish women in literature
aAfrican American Pentecostals,,"aLesbian erotic stories, American",aKalispel women
aAfrican American periodicals,,"aLesbian erotic stories, Canadian",aKamia women
aAfrican American pharmacists,,"aLesbian erotic stories, English",aKarok women
aAfrican American philanthropists,,aLesbian erotica,aKekchi women
aAfrican American philosophers,,aLesbian feminism,aKlamath women
aAfrican American philosophy,,aLesbian feminist theory,aKorean American women
aAfrican American photographers,,aLesbian figure skaters,aKorean American women authors
aAfrican American physical scientists,,aLesbian Girl Scouts,aKorean American women cartoonists
aAfrican American physicians,,aLesbian heroes,aKorean American women golfers
aAfrican American physicists,,aLesbian heroines in literature,aKorean American women journalists
aAfrican American pioneers,,aLesbian high school students,aKunoichi
aAfrican American plantation owners,,aLesbian librarians,aKwakiutl women
aAfrican American poets,,aLesbian libraries,aLacandon women
aAfrican American police,,aLesbian mothers,aLaguna women
aAfrican American police chiefs,,aLesbian mothers in literature,aLakota women
aAfrican American police in literature,,aLesbian motion picture producers and directors,aLaundresses
aAfrican American political activists,,aLesbian motorcyclists,aLeadership in women
aAfrican American political candidates,,aLesbian musicians,aLebanese American women
aAfrican American political consultants,,aLesbian nuns,aLesbians
aAfrican American political scientists,,aLesbian nurses,aLibraries and women
aAfrican American politicians,,aLesbian online chat groups,aLingerie
aAfrican American polo players,,aLesbian partner abuse,aLutheran women
aAfrican American poor families,,aLesbian photographers,aMalecite women
aAfrican American portrait photographers,,aLesbian physical education teachers,aMandan women
aAfrican American postal service employees,,aLesbian police officers,aMan-woman relationships
aAfrican American postmasters,,aLesbian pornography,aMapuche women
aAfrican American potters,,aLesbian private investigators,aMaricopa women
aAfrican American pottery,,aLesbian psychotherapists,aMass media and women
aAfrican American preaching,,aLesbian rabbis,aMataco women
aAfrican American Presbyterian churches,,aLesbian separatism,aMaya women
aAfrican American Presbyterians,,aLesbian soccer players,aMazahua women
aAfrican American presidential candidates,,aLesbian students,aMedically uninsured women
aAfrican American press,,aLesbian superheroes,aMennonite women
aAfrican American printmakers,,aLesbian teachers,aMethodist women
aAfrican American prints,,aLesbian teenagers,aMétis women
aAfrican American prisoners,,aLesbian teenagers in literature,aMétis women artists
aAfrican American prisoners in literature,,aLesbian theater,aMétis women authors
aAfrican American private investigators,,aLesbian youth,aMexican American women
aAfrican American professional athletes,,aLesbianism,aMexican American women agricultural laborers
aAfrican American professional employees,,aLesbianism in art,aMexican American women artists
aAfrican American professional employees on television,,aLesbianism in literature,aMexican American women authors
aAfrican American proverbs,,aLesbianism in motion pictures,aMexican American women college teachers
aAfrican American psychiatrists,,aLesbianism in opera,aMexican American women healers
aAfrican American psychics,,aLesbianism on television,aMexican American women household employees
aAfrican American psychologists,,aLesbian-parent families,aMexican American women in the professions
aAfrican American public prosecutors,,aLesbians,aMexican American women labor leaders
aAfrican American public relations personnel,,aLesbians and musicals,aMexican American women labor union members
aAfrican American public worship,,aLesbians and sports,aMexican American women performance artists
aAfrican American punk rock musicians,,aLesbians in advertising,aMexican American women politicians
aAfrican American quiltmakers,,aLesbians in art,aMexican American women singers
aAfrican American quilts,,aLesbians in literature,aMicmac women
aAfrican American radicals,,aLesbians in mass media,aMinority women
aAfrican American radio broadcasters,,aLesbians in motion pictures,aMinority women activists
aAfrican American radio stations,,aLesbians in popular culture,aMiskito women
aAfrican American radiologists,,aLesbians in the motion picture industry,aMisogyny
aAfrican American railroad employees,,aLesbians in the performing arts,aMixtec women
aAfrican American real estate agents,,aLesbians on postage stamps,aMixtec women weavers
aAfrican American Reformed (Reformed Church),,aLesbians' writings,aMohave women
aAfrican American religious leaders,,"aLesbians' writings, American",aMohawk women
aAfrican American rock musicians,,"aLesbians' writings, Argentine",aMontagnais women
aAfrican American rodeo performers,,"aLesbians' writings, Australian",aMormon women
aAfrican American sailors,,"aLesbians' writings, Brazilian",aMoro women
aAfrican American salt workers,,"aLesbians' writings, Canadian",aMotion pictures and women
aAfrican American scholars,,"aLesbians' writings, Catalan",aMunduruku women
aAfrican American school administrators,,"aLesbians' writings, English",aMuseums and women
aAfrican American school children,,"aLesbians' writings, French",aMusic by women composers
aAfrican American school principals,,"aLesbians' writings, German",aMuslim women
aAfrican American school superintendents,,"aLesbians' writings, Hispanic American (Spanish)",aMuslim women saints
aAfrican American schoolboys,,"aLesbians' writings, Indic (English)",aNahua women
aAfrican American schools,,"aLesbians' writings, Irish",aNahua women weavers
aAfrican American scientists,,"aLesbians' writings, Israeli",aNaskapi women
aAfrican American screenwriters,,"aLesbians' writings, Italian",aNational socialism and women
aAfrican American sculptors,,"aLesbians' writings, New Zealand","aNational Women's Monument (Bloemfontein, South Africa)"
aAfrican American sculpture,,"aLesbians' writings, North African (French)",aNavajo women
aAfrican American self-employed,,"aLesbians' writings, Puerto Rican",aNavajo women shepherds
aAfrican American seminarians,,"aLesbians' writings, Russian",aNavajo women weavers
aAfrican American Seventh-Day Adventists,,"aLesbians' writings, Scottish",aNez Percé women
aAfrican American sexual minorities,,"aLesbians' writings, South African (English)",aNicaraguan American women
aAfrican American sexual minority students,,"aLesbians' writings, Spanish",aNorthern Paiute women
aAfrican American sexual minority youth,,"aLesbians' writings, Spanish American",aNorwegian American women
aAfrican American ship captains,,"aLesbians, Black",aNuu-chah-nulth women
aAfrican American ship pilots,,aLGBT History Month,aOglala women
aAfrican American singers,,aLibraries and bisexuals,aOjibwa women
aAfrican American single fathers,,aLibraries and lesbians,aOmaha women
aAfrican American single mothers,,aLibraries and transgender people,aOneida women
aAfrican American single people,,aMexican American lesbians,aOnondaga women
aAfrican American sisters,,aMinority transgender women,aOrdination of women
aAfrican American slaveholders,,aMormon gays,aOsage women
aAfrican American social reformers,,aMotion pictures and gay men,aOtavalo women
aAfrican American social workers,,aMusic by gay composers,aOtomi women
aAfrican American sociologists,,aMusic by lesbian composers,aPacific Gulf Yupik women
aAfrican American soldiers,,aMuslim gay men,aPacific Islander American women
aAfrican American soldiers in motion pictures,,aMuslim gays,aPaipai women
aAfrican American sound recording executives and producers,,aMuslim lesbians,aPaiute women
aAfrican American Spiritual churches,,aNeopagan gays,aPakistani American women
aAfrican American sportswriters,,aOlder transgender people,aPenobscot women
aAfrican American state legislators,,aOverweight gays,aPentecostal women
aAfrican American steamboat workers,,aPacific Islander American bisexuals,aPima women
aAfrican American stevedores,,aPacific Islander American lesbians,aPolicewomen
aAfrican American student movements,,aPresbyterian gay men,aPomo women
aAfrican American students,,aPresbyterian gays,aPomo women weavers
aAfrican American Sunday schools,,aProtestant gays,aPoor women
aAfrican American superheroes,,aPuerto Rican lesbians,aPortuguese American women
aAfrican American supervisors,,aSame-sex divorce,aPowhatan women
aAfrican American surgeons,,aSame-sex marriage,aPresbyterian women
aAfrican American swimmers,,aSame-sex partner abuse,aProstitutes
aAfrican American teachers,,aSame-sex weddings,aPueblo women
aAfrican American teachers and the community,,aSexual minorities,aPueblo women potters
aAfrican American teenage boys,,aStonewall Book Awards,aPuerto Rican women
aAfrican American teenage fathers,,aTransgender artists,aQuaker women
aAfrican American teenage girls,,aTransgender athletes,aQuechua women
aAfrican American teenage girls in literature,,aTransgender children,aQuiché women
aAfrican American teenage mothers,,aTransgender college students,aRadio and women
aAfrican American teenagers,,aTransgender college teachers,aReformatories for women
aAfrican American teenagers in literature,,aTransgender Day of Remembrance,aRetired women
aAfrican American television journalists,,aTransgender librarians,aRussian American women
aAfrican American television personalities,,aTransgender men,aSalish women
aAfrican American television producers and directors,,aTransgender military personnel,aSalishan women
aAfrican American television viewers,,aTransgender musicians,aSamaritan women
aAfrican American tennis players,,aTransgender parents,aSechelt women
aAfrican American theater,,aTransgender people,aSelf-defense for women
aAfrican American theatrical producers and directors,,aTransgender people in art,aSeminole women
aAfrican American theologians,,aTransgender people in literature,aSeneca women
aAfrican American theological seminaries,,aTransgender people in motion pictures,aSex discrimination against women
aAfrican American track and field athletes,,aTransgender people in popular culture,aSexual minority women
aAfrican American track and field coaches,,aTransgender people's writings,aShaker women
aAfrican American train attendants,,"aTransgender people's writings, American",aShawi women
aAfrican American transgender people,,"aTransgender people's writings, Canadian",aShipibo-Conibo women
aAfrican American transport workers,,aTransgender police officers,aShoshoni women
aAfrican American transsexuals,,aTransgender prisoners,aShuar women
aAfrican American trappers,,aTransgender singers,aSikh women
aAfrican American Unitarian Universalists,,aTransgender students,aSiksika women
aAfrican American universities and colleges,,aTransgender superheroes,aSiouan women
aAfrican American veterans,,aTransgender teachers,aSki jumping for women
aAfrican American veterinarians,,aTransgender veterans,aSlavic American women
aAfrican American vice-presidential candidates,,aTransgender women,aSlovenian American women
aAfrican American video gamers,,aTransgender youth,aSouth Asian American women
aAfrican American vocal coaches,,aTransphobia,aSoutheast Asian American women
aAfrican American whalers,,aWomen's music,aSpiritual retreats for women
aAfrican American white collar workers,,aYoung bisexual men,aSport clothes for women
aAfrican American wit and humor,,aYoung gay men,aSports for women
aAfrican American women,,aTwo-spirit people,aStó:lō women
aAfrican American women abolitionists,,aIndian gays,aSudanese American women
aAfrican American women aerospace engineers,,aIndian lesbians,aSwedish American women
aAfrican American women air pilots,,,aSwedish American women entertainers
aAfrican American women art dealers,,,aSwiss American women
aAfrican American women artists,,,aTabeguache women
aAfrican American women astronauts,,,aTaino women
aAfrican American women athletes,,,aTaoist women
aAfrican American women authors,,,aTaos women
aAfrican American women basketball players,,,aTarahumara women
aAfrican American women cartoonists,,,aTarasco women
aAfrican American women chemists,,,aTechnology and women
aAfrican American women chief executive officers,,,aTelevision and women
aAfrican American women choreographers,,,aTewa women
aAfrican American women civic leaders,,,aTewa women potters
aAfrican American women civil rights workers,,,aTinne women
aAfrican American women clergy,,,aTiwa women
aAfrican American women college administrators,,,aTlakluit women
aAfrican American women college students,,,aTlingit women
aAfrican American women college teachers,,,aToba women
aAfrican American women comedians,,,aTohono O'odham women
aAfrican American women composers,,,aTojolabal women
aAfrican American women cooks,,,aTupinamba women
aAfrican American women critics,,,aTwana women
aAfrican American women dancers,,,aTzeltal women
aAfrican American women diplomats,,,aTzeltal women weavers
aAfrican American women dramatists,,,aTzotzil women
aAfrican American women educators,,,aUkrainian American women
aAfrican American women employees,,,aUte women
aAfrican American women entertainers,,,aVietnamese American women
aAfrican American women evangelists,,,aWaccamaw women
aAfrican American women executives,,,aWahpeton women
aAfrican American women golfers,,,aWarao women
aAfrican American women healers,,,aWashoe women
aAfrican American women health reformers,,,aWhite Mountain Apache women
aAfrican American women heroes,,,aWinnebago women
aAfrican American women heroes in motion pictures,,,aWomen
aAfrican American women household employees,,,aWomen (Adat law)
aAfrican American women household employees in art,,,aWomen (Ancient law)
aAfrican American women household employees in literature,,,aWomen (Assyro-Babylonian law)
aAfrican American women in advertising,,,aWomen (Byzantine law)
aAfrican American women in art,,,aWomen (Canon law)
aAfrican American women in church work,,,aWomen (Greek law)
aAfrican American women in higher education,,,aWomen (Hindu law)
aAfrican American women in literature,,,aWomen (International law)
aAfrican American women in motion pictures,,,aWomen (Islamic law)
aAfrican American women in popular culture,,,aWomen (Jewish law)
aAfrican American women in social media,,,aWomen (Roman law)
aAfrican American women in television broadcasting,,,aWomen abolitionists
aAfrican American women in the professions,,,aWomen accordionists
aAfrican American women jazz singers,,,aWomen accountants
aAfrican American women jewel thieves,,,aWomen admirals
aAfrican American women journalists,,,aWomen adventurers
aAfrican American women judges,,,aWomen aerospace engineers
aAfrican American women law teachers,,,aWomen agricultural economists
aAfrican American women lawyers,,,aWomen agricultural engineers
aAfrican American women legislators,,,aWomen agricultural extension workers
aAfrican American women librarians,,,aWomen agricultural laborers
aAfrican American women mathematicians,,,aWomen agricultural students
aAfrican American women motion picture producers and directors,,,aWomen agriculturists
aAfrican American women musicians,,,aWomen air pilots
aAfrican American women newspaper editors,,,aWomen air pilots in literature
aAfrican American women novelists,,,aWomen air traffic controllers
aAfrican American women Olympic athletes,,,aWomen aircraft industry employees
aAfrican American women on television,,,aWomen alcoholics
aAfrican American women pacifists,,,aWomen alternative country musicians
aAfrican American women park employees,,,aWomen alternative rock musicians
aAfrican American women performance artists,,,aWomen ambassadors
aAfrican American women photographers,,,aWomen ambulance drivers
aAfrican American women physical scientists,,,aWomen American loyalists
aAfrican American women physicians,,,aWomen amputees
aAfrican American women physicists,,,aWomen amusement park owners
aAfrican American women pioneers,,,aWomen amusement ride owners
aAfrican American women poets,,,aWomen analysands
aAfrican American women political activists,,,aWomen anarchists
aAfrican American women politicians,,,aWomen and anarchism
aAfrican American women public relations personnel,,,aWomen and animals
aAfrican American women rock musicians,,,aWomen and Christian union
aAfrican American women rowers,,,aWomen and city planning
aAfrican American women scholars,,,aWomen and communism
aAfrican American women school administrators,,,aWomen and death
aAfrican American women school principals,,,aWomen and democracy
aAfrican American women school superintendents,,,aWomen and design
aAfrican American women scientists,,,aWomen and erotica
aAfrican American women screenwriters,,,aWomen and freemasonry
aAfrican American women singers,,,aWomen and human security
aAfrican American women social reformers,,,aWomen and journalism
aAfrican American women sports executives,,,aWomen and land use planning
aAfrican American women sprinters,,,aWomen and literature
aAfrican American women storytellers,,,aWomen and peace
aAfrican American women suffragists,,,aWomen and philology
aAfrican American women superheroes,,,aWomen and psychoanalysis
aAfrican American women surgeons,,,aWomen and religion
aAfrican American women tap dancers,,,aWomen and socialism
aAfrican American women teachers,,,aWomen and spiritualism
aAfrican American women television journalists,,,aWomen and the arts
aAfrican American women television producers and directors,,,aWomen and the decorative arts
aAfrican American women tennis players,,,aWomen and the environment
aAfrican American yuppies in motion pictures,,,aWomen and the mafia
aAfrican American zoologists,,,aWomen and the military
aAfrican Americans,,,aWomen and the sea
aAfrican Americans with disabilities,,,aWomen and the security sector
aBlack English,,,aWomen and war
aBlack militant organizations,,,aWomen and war in literature
aBlack nationalism,,,aWomen anesthesiologists
aBlack Seminoles,,,aWomen animal specialists
aBlack theology,,,aWomen animal trainers
aD.C. hand dance,,,aWomen animators
aHairdressing of African Americans,,,aWomen anthropologists
aMinstrel shows,,,aWomen anti-apartheid activists
aMusic by African American composers,,,aWomen antiheroes
aMusic by African American women composers,,,aWomen antiheroes on television
aOlder African American women,,,aWomen apprentices
aOlder African Americans,,,aWomen aquatic biologists
aPoor African Americans,,,aWomen aquatic scientists
aRural African Americans,,,aWomen Arabists
aSpirituals (Songs),,,aWomen archaeologists
aSuburban African Americans,,,aWomen archaeology teachers
aUrban African Americans,,,aWomen architects
,,,aWomen architectural critics
,,,aWomen archivists
,,,aWomen area specialists
,,,aWomen art collectors
,,,aWomen art critics
,,,aWomen art dealers
,,,aWomen art historians
,,,aWomen art patrons
,,,aWomen art students
,,,aWomen art teachers
,,,aWomen artisans
,,,aWomen artists
,,,aWomen artists in literature
,,,"aWomen artists, Aboriginal Australian"
,,,"aWomen artists, Arab"
,,,"aWomen artists, Black"
,,,aWomen ascetics
,,,aWomen ascetics in art
,,,aWomen Asianists
,,,aWomen Assyriologists
,,,aWomen astronauts
,,,aWomen astronomers
,,,aWomen athletes
,,,aWomen athletes in art
,,,aWomen athletes in literature
,,,aWomen athletes with disabilities
,,,aWomen athletic trainers
,,,aWomen atomic bomb victims
,,,aWomen attorneys general
,,,aWomen authors
,,,aWomen authors in literature
,,,"aWomen authors, Afghan"
,,,"aWomen authors, African"
,,,"aWomen authors, Albanian"
,,,"aWomen authors, Algerian"
,,,"aWomen authors, American"
,,,"aWomen authors, Arab"
,,,"aWomen authors, Argentine"
,,,"aWomen authors, Assamese"
,,,"aWomen authors, Australian"
,,,"aWomen authors, Austrian"
,,,"aWomen authors, Azerbaijani"
,,,"aWomen authors, Belgian"
,,,"aWomen authors, Bengali"
,,,"aWomen authors, Black"
,,,"aWomen authors, Bolivian"
,,,"aWomen authors, Brazilian"
,,,"aWomen authors, Bulgarian"
,,,"aWomen authors, Cambodian"
,,,"aWomen authors, Cameroonian"
,,,"aWomen authors, Canadian"
,,,"aWomen authors, Caribbean"
,,,"aWomen authors, Central American"
,,,"aWomen authors, Chilean"
,,,"aWomen authors, Chinese"
,,,"aWomen authors, Colombian"
,,,"aWomen authors, Commonwealth"
,,,"aWomen authors, Costa Rican"
,,,"aWomen authors, Croatian"
,,,"aWomen authors, Cuban"
,,,"aWomen authors, Czech"
,,,"aWomen authors, Danish"
,,,"aWomen authors, Dominican"
,,,"aWomen authors, Dutch"
,,,"aWomen authors, Ecuadorian"
,,,"aWomen authors, Egyptian"
,,,"aWomen authors, English"
,,,"aWomen authors, Estonian"
,,,"aWomen authors, European"
,,,"aWomen authors, Filipino"
,,,"aWomen authors, Finnish"
,,,"aWomen authors, Flemish"
,,,"aWomen authors, French"
,,,"aWomen authors, French-Canadian"
,,,"aWomen authors, Galician"
,,,"aWomen authors, German"
,,,"aWomen authors, Greek"
,,,"aWomen authors, Gujarati"
,,,"aWomen authors, Hausa"
,,,"aWomen authors, Hindi"
,,,"aWomen authors, Hungarian"
,,,"aWomen authors, Icelandic"
,,,"aWomen authors, Indic"
,,,"aWomen authors, Indonesian"
,,,"aWomen authors, Iranian"
,,,"aWomen authors, Irish"
,,,"aWomen authors, Israeli"
,,,"aWomen authors, Italian"
,,,"aWomen authors, Japanese"
,,,"aWomen authors, Jordanian"
,,,"aWomen authors, Kannada"
,,,"aWomen authors, Kenyan"
,,,"aWomen authors, Korean"
,,,"aWomen authors, Kurdish"
,,,"aWomen authors, Latin American"
,,,"aWomen authors, Lithuanian"
,,,"aWomen authors, Malay"
,,,"aWomen authors, Malayalam"
,,,"aWomen authors, Marathi"
,,,"aWomen authors, Mexican"
,,,"aWomen authors, Nepali"
,,,"aWomen authors, New Zealand"
,,,"aWomen authors, Nigerian"
,,,"aWomen authors, Norwegian"
,,,"aWomen authors, Pakistani"
,,,"aWomen authors, Palestinian Arab"
,,,"aWomen authors, Panamanian"
,,,"aWomen authors, Panjabi"
,,,"aWomen authors, Persian"
,,,"aWomen authors, Peruvian"
,,,"aWomen authors, Polish"
,,,"aWomen authors, Portuguese"
,,,"aWomen authors, Puerto Rican"
,,,"aWomen authors, Romanian"
,,,"aWomen authors, Russian"
,,,"aWomen authors, Scandinavian"
,,,"aWomen authors, Scottish"
,,,"aWomen authors, Serbian"
,,,"aWomen authors, Sierra Leonean"
,,,"aWomen authors, Sindhi"
,,,"aWomen authors, Singaporean"
,,,"aWomen authors, Slovak"
,,,"aWomen authors, Slovenian"
,,,"aWomen authors, South African"
,,,"aWomen authors, South Asian"
,,,"aWomen authors, Spanish"
,,,"aWomen authors, Spanish American"
,,,"aWomen authors, Sri Lankan"
,,,"aWomen authors, Swedish"
,,,"aWomen authors, Swiss"
,,,"aWomen authors, Tamil"
,,,"aWomen authors, Telugu"
,,,"aWomen authors, Tunisian"
,,,"aWomen authors, Turkish"
,,,"aWomen authors, Turkmen"
,,,"aWomen authors, Ugandan"
,,,"aWomen authors, Ukrainian"
,,,"aWomen authors, Urdu"
,,,"aWomen authors, Uruguayan"
,,,"aWomen authors, Venezuelan"
,,,"aWomen authors, Vietnamese"
,,,"aWomen authors, West Indian"
,,,"aWomen authors, White"
,,,"aWomen authors, Yiddish"
,,,"aWomen authors, Zimbabwean"
,,,aWomen automobile drivers
,,,aWomen automobile drivers in art
,,,aWomen automobile industry workers
,,,aWomen automobile racing drivers
,,,aWomen bacteriologists
,,,aWomen balloonists
,,,aWomen band directors
,,,aWomen bank employees
,,,aWomen bankers
,,,aWomen baseball players
,,,aWomen baseball team owners
,,,aWomen basket makers
,,,aWomen basketball coaches
,,,aWomen basketball players
,,,aWomen bass guitarists
,,,aWomen beadworkers
,,,aWomen beekeepers
,,,aWomen benefactors
,,,aWomen Biblical scholars
,,,aWomen biochemists
,,,aWomen biographers
,,,aWomen biologists
,,,aWomen bishops
,,,aWomen blue collar workers
,,,aWomen bluegrass musicians
,,,aWomen blues musicians
,,,aWomen bobsledders
,,,aWomen bodybuilders
,,,aWomen book collectors
,,,aWomen bookbinders
,,,aWomen bookplate designers
,,,aWomen booksellers
,,,aWomen botanists
,,,aWomen botanizers
,,,aWomen bounty hunters
,,,aWomen bowlers
,,,aWomen boxers
,,,aWomen boxers in motion pictures
,,,aWomen break dancers
,,,aWomen brewers
,,,aWomen brewery workers
,,,aWomen brickmakers
,,,aWomen bridge players
,,,aWomen broadcasters
,,,aWomen Buddhist priests
,,,aWomen bullfighters
,,,aWomen cabinet officers
,,,aWomen calligraphers
,,,aWomen cannery workers
,,,aWomen canoeists
,,,aWomen cantors (Judaism)
,,,aWomen capitalists and financiers
,,,aWomen carcinologists
,,,aWomen caregivers
,,,aWomen carpenters
,,,aWomen cartographers
,,,aWomen cartoonists
,,,aWomen cat owners
,,,aWomen chemists
,,,aWomen chess players
,,,aWomen chief executive officers
,,,aWomen chief information officers
,,,aWomen child molesters
,,,aWomen choreographers
,,,aWomen Christian educators
,,,aWomen church historians
,,,aWomen church officers
,,,aWomen cigar makers
,,,aWomen cinematographers
,,,aWomen circus performers
,,,aWomen circus performers in art
,,,aWomen circus performers in literature
,,,aWomen city council members
,,,aWomen city planners
,,,aWomen civic leaders
,,,aWomen civil rights workers
,,,aWomen classicists
,,,aWomen cleaning personnel
,,,aWomen clergy
,,,aWomen clerks
,,,aWomen clerks (Retail trade)
,,,aWomen clothing workers
,,,aWomen coaches (Athletics)
,,,aWomen coal miners
,,,aWomen coffee growers
,,,aWomen coffee industry employees
,,,aWomen coffee plantation workers
,,,aWomen collectors
,,,aWomen college administrators
,,,aWomen college athletes
,,,aWomen college graduates
,,,aWomen college presidents
,,,aWomen college students
,,,aWomen college students in literature
,,,aWomen college teachers
,,,aWomen college teachers in literature
,,,"aWomen college teachers, Black"
,,,aWomen colonial administrators
,,,aWomen colonists
,,,aWomen comedians
,,,aWomen commercial artists
,,,aWomen communists
,,,aWomen community college presidents
,,,aWomen community health aides
,,,aWomen composers
,,,"aWomen composers, Black"
,,,aWomen computational neuroscientists
,,,aWomen computer artists
,,,aWomen computer engineers
,,,aWomen computer industry employees
,,,aWomen computer programmers
,,,aWomen computer scientists
,,,aWomen conductors (Music)
,,,aWomen conscientious objectors
,,,aWomen conservationists
,,,aWomen conservatives
,,,aWomen construction workers
,,,aWomen consultants
,,,aWomen consumers
,,,aWomen consumers in literature
,,,aWomen cooks
,,,aWomen copy writers
,,,aWomen correctional personnel
,,,aWomen costume designers
,,,aWomen country musicians
,,,aWomen county council members
,,,aWomen crab industry employees
,,,aWomen cricket players
,,,aWomen criminal justice personnel
,,,aWomen critics
,,,aWomen curlers
,,,aWomen curriculum consultants
,,,aWomen cyclists
,,,aWomen cytogeneticists
,,,aWomen cytologists
,,,aWomen dairy farmers
,,,aWomen dancers
,,,aWomen dancers in art
,,,aWomen daredevils
,,,aWomen deans (Education)
,,,aWomen death row inmates
,,,aWomen dental students
,,,aWomen dentists
,,,aWomen dermatologists
,,,aWomen designers
,,,aWomen detectives
,,,aWomen detectives in literature
,,,aWomen detectives in mass media
,,,aWomen detectives in motion pictures
,,,aWomen diplomats
,,,aWomen directors of corporations
,,,aWomen disaster victims
,,,aWomen divers
,,,aWomen divers in art
,,,aWomen doctoral students
,,,aWomen dog owners
,,,aWomen drag racers
,,,aWomen dramatists
,,,"aWomen dramatists, American"
,,,"aWomen dramatists, Arab"
,,,"aWomen dramatists, Argentine"
,,,"aWomen dramatists, Australian"
,,,"aWomen dramatists, Brazilian"
,,,"aWomen dramatists, Canadian"
,,,"aWomen dramatists, English"
,,,"aWomen dramatists, German"
,,,"aWomen dramatists, Greek (Modern)"
,,,"aWomen dramatists, Irish"
,,,"aWomen dramatists, Korean"
,,,"aWomen dramatists, Mexican"
,,,"aWomen dramatists, Persian"
,,,"aWomen dramatists, Scottish"
,,,"aWomen dramatists, Spanish"
,,,aWomen dressmakers
,,,aWomen drug addicts
,,,aWomen drug dealers
,,,aWomen drummers (Musicians)
,,,aWomen drummers (Musicians) in art
,,,aWomen drywall contractors
,,,aWomen earth scientists
,,,aWomen ecologists
,,,aWomen economics historians
,,,aWomen economists
,,,aWomen editors
,,,aWomen educators
,,,aWomen Egyptologists
,,,aWomen election officials
,,,aWomen electric industry workers
,,,aWomen electronic data processing personnel
,,,aWomen electronic industry workers
,,,aWomen embroidery industry employees
,,,aWomen employees
,,,aWomen employees in literature
,,,aWomen employees on television
,,,aWomen engineering students
,,,aWomen engineers
,,,aWomen engravers
,,,aWomen entertainers
,,,aWomen entomologists
,,,aWomen environmentalists
,,,aWomen epigraphists
,,,aWomen ethnobotanists
,,,aWomen ethnologists
,,,aWomen ethologists
,,,aWomen evangelists
,,,aWomen ex-convicts
,,,aWomen executives
,,,aWomen explorers
,,,aWomen fakirs
,,,aWomen fantasy gamers
,,,aWomen farmers
,,,aWomen farmers in motion pictures
,,,aWomen fascists
,,,aWomen fashion designers
,,,aWomen fencers
,,,aWomen fiddlers
,,,aWomen field hockey players
,,,aWomen figure skaters
,,,aWomen film critics
,,,aWomen fire fighters
,,,aWomen fire lookouts
,,,aWomen fish trade workers
,,,aWomen fishers
,,,aWomen fishery scientists
,,,aWomen fishing guides
,,,aWomen flamenco musicians
,,,aWomen folk musicians
,,,aWomen folklorists
,,,aWomen food service employees
,,,aWomen food writers
,,,aWomen football coaches
,,,aWomen football players
,,,aWomen foreign workers
,,,aWomen forensic anthropologists
,,,aWomen forensic pathologists
,,,aWomen forensic scientists
,,,aWomen freethinkers
,,,aWomen fuelwood gatherers
,,,aWomen gamblers
,,,aWomen gardeners
,,,aWomen genealogists
,,,aWomen generals
,,,aWomen geneticists
,,,aWomen geographers
,,,aWomen geologists
,,,aWomen geophysicists
,,,aWomen ghostwriters
,,,aWomen gladiators
,,,aWomen glass artists
,,,aWomen glassworkers
,,,aWomen gold miners
,,,aWomen goldsmiths
,,,aWomen golfers
,,,aWomen government executives
,,,aWomen governors
,,,aWomen graduate students
,,,aWomen guerrillas
,,,aWomen guitarists
,,,aWomen gymnasts
,,,aWomen gynecologists
,,,aWomen harpsichordists
,,,aWomen heads of households
,,,aWomen heads of state
,,,aWomen healers
,,,aWomen healers in literature
,,,"aWomen healers, Medieval"
,,,aWomen health reformers
,,,aWomen helicopter pilots
,,,aWomen hermits
,,,aWomen heroes
,,,aWomen heroes in art
,,,aWomen heroes in literature
,,,aWomen heroes in mass media
,,,aWomen heroes in motion pictures
,,,aWomen heroes on television
,,,aWomen hikers
,,,aWomen historians
,,,aWomen historians of science
,,,aWomen historians of technology
,,,aWomen history teachers
,,,aWomen hockey coaches
,,,aWomen hockey players
,,,aWomen hop pickers
,,,aWomen horse dealers
,,,aWomen horse owners
,,,aWomen horticultural writers
,,,aWomen hosiery workers
,,,aWomen household employees
,,,"aWomen household employees, Black"
,,,"aWomen household employees, Black, in art"
,,,"aWomen household employees, Black, in literature"
,,,aWomen human rights workers
,,,aWomen humorists
,,,aWomen hunters
,,,aWomen hunting guides
,,,aWomen hymn writers
,,,aWomen ichthyologists
,,,aWomen illustrators
,,,aWomen imams (Mosque officers)
,,,aWomen immigrants
,,,aWomen immigrants in literature
,,,aWomen immigrants in motion pictures
,,,aWomen in advertising
,,,aWomen in aeronautics
,,,aWomen in agriculture
,,,aWomen in art
,,,aWomen in astronautics
,,,aWomen in astronomy
,,,aWomen in biodiversity conservation
,,,aWomen in bookplates
,,,aWomen in botany
,,,aWomen in Buddhism
,,,aWomen in campus ministry
,,,aWomen in charitable work
,,,aWomen in chemistry
,,,aWomen in Christianity
,,,aWomen in church work
,,,aWomen in combat
,,,aWomen in communication
,,,aWomen in community development
,,,aWomen in community organization
,,,aWomen in computer games
,,,aWomen in computer science
,,,aWomen in Confucianism
,,,aWomen in conservation of natural resources
,,,aWomen in cooperative societies
,,,aWomen in development
,,,aWomen in disaster relief
,,,aWomen in economic development
,,,aWomen in education
,,,aWomen in energy development
,,,aWomen in engineering
,,,aWomen in finance
,,,aWomen in fisheries
,,,aWomen in flamenco music
,,,aWomen in forestry
,,,aWomen in fundamentalist churches
,,,aWomen in guilds
,,,aWomen in higher education
,,,aWomen in Hinduism
,,,aWomen in horse racing
,,,aWomen in horse sports
,,,aWomen in housing management
,,,aWomen in information science
,,,aWomen in insurance
,,,aWomen in Islam
,,,aWomen in Jainism
,,,aWomen in journalism
,,,aWomen in Judaism
,,,aWomen in landscape architecture
,,,aWomen in lexicography
,,,aWomen in library science
,,,aWomen in literature
,,,aWomen in marketing
,,,aWomen in mass media
,,,aWomen in mathematics
,,,aWomen in medicine
,,,"aWomen in Military Service for America Memorial (Arlington, Va.)"
,,,aWomen in missionary work
,,,aWomen in motion pictures
,,,aWomen in music
,,,aWomen in musical theater
,,,aWomen in natural resources management
,,,aWomen in nonprofit organizations
,,,aWomen in numismatics
,,,aWomen in opera
,,,aWomen in operetta
,,,aWomen in peace-building
,,,aWomen in pharmacy
,,,aWomen in physics
,,,aWomen in popular culture
,,,aWomen in public life
,,,aWomen in public worship
,,,aWomen in rabbinical literature
,,,aWomen in radio broadcasting
,,,aWomen in real estate
,,,aWomen in rodeos
,,,aWomen in rural development
,,,aWomen in science
,,,aWomen in science on television
,,,aWomen in Sikhism
,,,aWomen in social work education
,,,aWomen in sustainable development
,,,aWomen in synagogues
,,,aWomen in Tantric Buddhism
,,,aWomen in Tantrism
,,,aWomen in technology
,,,aWomen in television broadcasting
,,,aWomen in the advertising industry
,,,aWomen in the Anglican Communion
,,,aWomen in the Bahai Faith
,,,aWomen in the Bible
,,,aWomen in the book industries and trade
,,,aWomen in the Book of Mormon
,,,aWomen in the broadcasting industry
,,,aWomen in the Catholic Church
,,,aWomen in the cattle industry
,,,aWomen in the chocolate industry
,,,aWomen in the Church of God in Christ
,,,aWomen in the civil service
,,,aWomen in the Coptic Church
,,,aWomen in the ecumenical movement
,,,aWomen in the Episcopal Church
,,,aWomen in the food industry
,,,aWomen in the Hadith
,,,aWomen in the hospitality industry
,,,aWomen in the humanities
,,,aWomen in the labor movement
,,,aWomen in the Lutheran Church
,,,aWomen in the Mahābhārata
,,,aWomen in the mass media industry
,,,aWomen in the Methodist Church
,,,aWomen in the Mormon Church
,,,aWomen in the Mormon sacred books
,,,aWomen in the motion picture industry
,,,aWomen in the music trade
,,,aWomen in the Orthodox Eastern Church
,,,aWomen in the performing arts
,,,aWomen in the Presbyterian Church
,,,aWomen in the professions
,,,aWomen in the Puranas
,,,aWomen in the Qurʼan
,,,aWomen in the Rastafari movement
,,,aWomen in the Reformed Church
,,,aWomen in the social sciences
,,,aWomen in the Southern Baptist Convention
,,,aWomen in the theater
,,,aWomen in the Uniting Church in Australia
,,,aWomen in the wine industry
,,,aWomen in tourism
,,,aWomen in war
,,,aWomen in Zoroastrianism
,,,aWomen Indianists
,,,aWomen industrial engineers
,,,aWomen industrialists
,,,aWomen information scientists
,,,aWomen insurance agents
,,,aWomen insurance executives
,,,aWomen insurance investigators
,,,aWomen intellectuals
,,,aWomen intellectuals in literature
,,,aWomen intelligence officers
,,,aWomen interior decorators
,,,aWomen internal migrants
,,,aWomen international relations specialists
,,,aWomen internment camp guards
,,,aWomen internment camp inmates
,,,aWomen inventors
,,,aWomen iron and steel workers
,,,aWomen jazz musicians
,,,aWomen jazz musicians in motion pictures
,,,aWomen jazz singers
,,,aWomen jewel thieves
,,,aWomen jewelers
,,,aWomen Jewish scholars
,,,aWomen jockeys
,,,aWomen journalists
,,,aWomen journalists in literature
,,,aWomen journalists in motion pictures
,,,aWomen judges
,,,aWomen judges (Islamic law)
,,,aWomen jurors
,,,aWomen justices of the peace
,,,aWomen Kapos
,,,aWomen kindergarten teachers
,,,aWomen labor leaders
,,,aWomen labor union members
,,,aWomen lace makers
,,,aWomen landowners
,,,aWomen landscape architects
,,,aWomen law students
,,,aWomen law teachers
,,,aWomen lawyers
,,,aWomen lawyers in motion pictures
,,,aWomen leather workers
,,,aWomen legislators
,,,aWomen libertarians
,,,aWomen librarians
,,,aWomen library administrators
,,,aWomen library employees
,,,aWomen library trustees
,,,aWomen librettists
,,,aWomen life scientists
,,,aWomen lighthouse keepers
,,,aWomen lingerie industry workers
,,,aWomen linguists
,,,aWomen lithographers
,,,aWomen litigants
,,,aWomen local officials and employees
,,,aWomen loggers
,,,aWomen long-distance runners
,,,aWomen lyricists
,,,aWomen mammalogists
,,,aWomen marine biologists
,,,aWomen marine engineers
,,,aWomen marine mammalogists
,,,aWomen marine scientists
,,,aWomen marines
,,,aWomen martial artists
,,,aWomen martyrs
,,,aWomen mathematicians
,,,aWomen mathematics teachers
,,,aWomen mayors
,,,aWomen medalists
,,,aWomen medical historians
,,,aWomen medical scientists
,,,aWomen medical students
,,,aWomen medical technologists
,,,aWomen medievalists
,,,aWomen mediums
,,,aWomen merchant mariners
,,,aWomen merchants
,,,aWomen metal-workers
,,,aWomen microbiologists
,,,aWomen Middle East specialists
,,,aWomen middle managers
,,,aWomen midwives
,,,aWomen migrant labor
,,,aWomen military cadets
,,,aWomen millionaires
,,,aWomen miners
,,,aWomen missionaries
,,,aWomen molecular biologists
,,,aWomen moneylenders
,,,aWomen motion picture editors
,,,aWomen motion picture producers and directors
,,,aWomen motorcyclists
,,,aWomen mountaineers
,,,aWomen muralists
,,,aWomen murderers
,,,aWomen murderers in literature
,,,aWomen murderers in motion pictures
,,,aWomen museum curators
,,,aWomen museum directors
,,,aWomen mushers
,,,aWomen music critics
,,,aWomen music patrons
,,,aWomen music teachers
,,,aWomen musical theater producers and directors
,,,aWomen musicians
,,,aWomen musicians in art
,,,aWomen musicians in literature
,,,"aWomen musicians, Black"
,,,aWomen musicologists
,,,aWomen mystics
,,,aWomen naturalists
,,,aWomen Nazi concentration camp guards
,,,aWomen Nazi concentration camp inmates
,,,aWomen Nazis
,,,aWomen netball players
,,,aWomen newspaper editors
,,,aWomen Nobel Prize winners
,,,aWomen noncitizens
,,,aWomen novelists
,,,"aWomen novelists, American"
,,,"aWomen novelists, Argentine"
,,,"aWomen novelists, Australian"
,,,"aWomen novelists, Bolivian"
,,,"aWomen novelists, Brazilian"
,,,"aWomen novelists, Canadian"
,,,"aWomen novelists, Catalan"
,,,"aWomen novelists, Chinese"
,,,"aWomen novelists, English"
,,,"aWomen novelists, French"
,,,"aWomen novelists, French-Canadian"
,,,"aWomen novelists, German"
,,,"aWomen novelists, Irish"
,,,"aWomen novelists, Japanese"
,,,"aWomen novelists, Moroccan"
,,,"aWomen novelists, New Zealand"
,,,"aWomen novelists, Norwegian"
,,,"aWomen novelists, South African"
,,,"aWomen novelists, Southeast Asian"
,,,"aWomen novelists, Spanish"
,,,"aWomen novelists, Swedish"
,,,aWomen nurses
,,,aWomen nutritionists
,,,aWomen occultists
,,,aWomen oceanographers
,,,aWomen of Europe Award
,,,aWomen offshore assembly industry workers
,,,aWomen oil industry workers
,,,aWomen Olympic athletes
,,,aWomen on bank notes
,,,aWomen on postage stamps
,,,aWomen on television
,,,aWomen opera producers and directors
,,,aWomen optometrists
,,,aWomen orange industry workers
,,,aWomen orators
,,,aWomen organists
,,,aWomen orienteers
,,,aWomen otolaryngologists
,,,aWomen outlaws
,,,aWomen pacifists
,,,aWomen painters
,,,"aWomen painters, Kasem"
,,,"aWomen painters, Ndebele"
,,,"aWomen painters, Romani"
,,,aWomen paleontologists
,,,aWomen palm oil industry workers
,,,aWomen parade float designers
,,,aWomen park employees
,,,aWomen park rangers
,,,aWomen parolees
,,,aWomen pathologists
,,,aWomen patients
,,,aWomen peasants
,,,aWomen pediatricians
,,,aWomen performance artists
,,,aWomen periodical editors
,,,aWomen personal trainers
,,,aWomen personnel directors
,,,aWomen pharmaceutical industry workers
,,,aWomen pharmacists
,,,aWomen philanthropists
,,,aWomen philologists
,,,aWomen philosophers
,,,aWomen photographers
,,,aWomen physical anthropologists
,,,aWomen physical education teachers
,,,aWomen physical scientists
,,,aWomen physical therapists
,,,aWomen physician executives
,,,aWomen physicians
,,,aWomen physicians in literature
,,,aWomen physicists
,,,aWomen physiologists
,,,aWomen pianists
,,,aWomen pioneers
,,,aWomen pioneers in literature
,,,aWomen pipe fitters
,,,aWomen pirates
,,,aWomen planners
,,,aWomen plant pathologists
,,,aWomen plantation owners
,,,aWomen plantation workers
,,,aWomen poets
,,,aWomen poets in literature
,,,"aWomen poets, American"
,,,"aWomen poets, Arab"
,,,"aWomen poets, Australian"
,,,"aWomen poets, Austrian"
,,,"aWomen poets, Azerbaijani"
,,,"aWomen poets, Basque"
,,,"aWomen poets, Belarusian"
,,,"aWomen poets, Belizean"
,,,"aWomen poets, Bolivian"
,,,"aWomen poets, Brazilian"
,,,"aWomen poets, Canadian"
,,,"aWomen poets, Caribbean"
,,,"aWomen poets, Chilean"
,,,"aWomen poets, Chinese"
,,,"aWomen poets, Cuban"
,,,"aWomen poets, Czech"
,,,"aWomen poets, Dominican"
,,,"aWomen poets, Ecuadorian"
,,,"aWomen poets, English"
,,,"aWomen poets, Estonian"
,,,"aWomen poets, Filipino"
,,,"aWomen poets, Finnish"
,,,"aWomen poets, French"
,,,"aWomen poets, German"
,,,"aWomen poets, Greek"
,,,"aWomen poets, Gujarati"
,,,"aWomen poets, Haitian"
,,,"aWomen poets, Honduran"
,,,"aWomen poets, Hungarian"
,,,"aWomen poets, Icelandic"
,,,"aWomen poets, Indonesian"
,,,"aWomen poets, Irish"
,,,"aWomen poets, Israeli"
,,,"aWomen poets, Italian"
,,,"aWomen poets, Japanese"
,,,"aWomen poets, Korean"
,,,"aWomen poets, Kurdish"
,,,"aWomen poets, Mexican"
,,,"aWomen poets, Nicaraguan"
,,,"aWomen poets, Persian"
,,,"aWomen poets, Peruvian"
,,,"aWomen poets, Polish"
,,,"aWomen poets, Portuguese"
,,,"aWomen poets, Puerto Rican"
,,,"aWomen poets, Pushto"
,,,"aWomen poets, Romani"
,,,"aWomen poets, Romanian"
,,,"aWomen poets, Russian"
,,,"aWomen poets, Scandinavian"
,,,"aWomen poets, Slovak"
,,,"aWomen poets, Slovenian"
,,,"aWomen poets, Spanish"
,,,"aWomen poets, Spanish American"
,,,"aWomen poets, Swedish"
,,,"aWomen poets, Tamil"
,,,"aWomen poets, Telugu"
,,,"aWomen poets, Turkish"
,,,"aWomen poets, Ukrainian"
,,,"aWomen poets, Urdu"
,,,"aWomen poets, Uruguayan"
,,,"aWomen poets, Uzbek"
,,,"aWomen poets, Venezuelan"
,,,"aWomen poets, Vietnamese"
,,,aWomen poisoners
,,,aWomen poker players
,,,aWomen police chiefs
,,,aWomen political activists
,,,aWomen political candidates
,,,aWomen political consultants
,,,aWomen political prisoners
,,,aWomen political scientists
,,,aWomen politicians
,,,aWomen polo players
,,,aWomen popular music fans
,,,aWomen postal service employees
,,,aWomen potters
,,,aWomen preschool teachers
,,,aWomen presidential candidates
,,,aWomen presidents
,,,aWomen presidents in motion pictures
,,,aWomen presidents on television
,,,aWomen priests
,,,aWomen primatologists
,,,aWomen prime ministers
,,,aWomen printers
,,,aWomen printmakers
,,,aWomen prisoners
,,,aWomen prisoners in art
,,,aWomen prisoners in literature
,,,aWomen prisoners in motion pictures
,,,aWomen prisoners of war
,,,aWomen private investigators
,,,aWomen professional employees
,,,aWomen prophets
,,,aWomen prophets in art
,,,aWomen prophets in literature
,,,aWomen prophets on television
,,,aWomen psychiatrists
,,,aWomen psychics
,,,aWomen psychics on television
,,,aWomen psychoanalysts
,,,aWomen psychologists
,,,aWomen psychotherapists
,,,aWomen public officers
,,,aWomen public relations personnel
,,,aWomen publishers
,,,aWomen punk rock musicians
,,,aWomen puppeteers
,,,aWomen rabbis
,,,aWomen radicals
,,,aWomen radio producers and directors
,,,aWomen radio talk show hosts
,,,aWomen radio writers
,,,aWomen ragpickers
,,,aWomen railroad employees
,,,aWomen ranchers
,,,aWomen rap musicians
,,,aWomen real estate agents
,,,aWomen refugees
,,,aWomen religious leaders
,,,aWomen religious Zionists
,,,aWomen revolutionaries
,,,aWomen rice workers
,,,aWomen rock music fans
,,,aWomen rock musicians
,,,aWomen rodeo performers
,,,aWomen roller skaters
,,,aWomen rowers
,,,aWomen rubber industry workers
,,,aWomen rug and carpet industry workers
,,,aWomen Rugby Union football players
,,,aWomen runners
,,,aWomen sadhus
,,,aWomen sailors
,,,aWomen saints
,,,aWomen saints in art
,,,aWomen saints in literature
,,,aWomen sales personnel
,,,aWomen sales personnel in literature
,,,aWomen salt workers
,,,aWomen scholars
,,,aWomen school administrators
,,,aWomen school principals
,,,aWomen school superintendents
,,,aWomen school supervisors
,,,aWomen science students
,,,aWomen scientists
,,,aWomen scientists in motion pictures
,,,aWomen screenwriters
,,,aWomen sculptors
,,,aWomen seminarians
,,,aWomen serial murderers
,,,aWomen service industries workers
,,,aWomen sexologists
,,,aWomen shamans
,,,aWomen shepherds
,,,aWomen ship captains
,,,aWomen shoe industry workers
,,,aWomen silk industry workers
,,,aWomen silk industry workers in literature
,,,aWomen silversmiths
,,,aWomen singers
,,,aWomen singers in motion pictures
,,,aWomen skateboarders
,,,aWomen skaters
,,,aWomen ski jumpers
,,,aWomen skiers
,,,aWomen slaveholders
,,,aWomen slaves
,,,aWomen slaves (Jewish law)
,,,aWomen smokejumpers
,,,aWomen snowboarders
,,,aWomen soccer fans
,,,aWomen soccer players
,,,aWomen soccer referees
,,,aWomen social reformers
,,,aWomen social reformers on postage stamps
,,,aWomen social scientists
,,,aWomen social workers
,,,"aWomen social workers, Black"
,,,aWomen socialists
,,,aWomen sociologists
,,,aWomen sociology students
,,,aWomen softball players
,,,aWomen soldiers
,,,aWomen soldiers in literature
,,,aWomen soldiers in mass media
,,,aWomen soldiers in motion pictures
,,,aWomen soldiers on television
,,,aWomen sound engineers
,,,aWomen sound recording executives and producers
,,,aWomen specialists
,,,aWomen speechwriters
,,,aWomen speed skaters
,,,aWomen spies
,,,aWomen spies in literature
,,,aWomen spies in motion pictures
,,,aWomen spies on television
,,,aWomen spiritual directors
,,,aWomen sports executives
,,,aWomen sports psychologists
,,,aWomen sports spectators
,,,aWomen sportscasters
,,,aWomen sportswriters
,,,aWomen sprinters
,,,aWomen squash players
,,,aWomen statisticians
,,,aWomen stockbrokers
,,,aWomen storytellers
,,,aWomen stunt performers
,,,aWomen sufis
,,,aWomen sugar workers
,,,aWomen suicide bombers
,,,aWomen superheroes
,,,aWomen superheroes in literature
,,,aWomen superheroes in mass media
,,,aWomen superheroes in motion pictures
,,,aWomen superheroes on television
,,,aWomen supervisors
,,,aWomen surfers
,,,aWomen surgeons
,,,aWomen surveyors
,,,aWomen swimmers
,,,aWomen tailors
,,,aWomen tap dancers
,,,aWomen tattoo artists
,,,aWomen taxicab drivers
,,,aWomen tea plantation workers
,,,aWomen teachers
,,,aWomen teachers on radio
,,,"aWomen teachers, Black"
,,,"aWomen teachers, White"
,,,aWomen team handball players
,,,aWomen telegraphers
,,,aWomen television journalists
,,,aWomen television news anchors
,,,aWomen television personalities
,,,aWomen television producers and directors
,,,aWomen television viewers
,,,aWomen television writers
,,,aWomen temporary employees
,,,aWomen tennis players
,,,aWomen terrorists
,,,aWomen test pilots
,,,aWomen textile designers
,,,aWomen textile workers
,,,aWomen textile workers in literature
,,,aWomen theater critics
,,,aWomen theatrical managers
,,,aWomen theatrical producers and directors
,,,aWomen theologians
,,,aWomen tobacco workers
,,,aWomen tomato industry employees
,,,aWomen tortilla industry employees
,,,aWomen torturers
,,,aWomen tourists
,,,aWomen track and field athletes
,,,aWomen tramps
,,,aWomen translators
,,,aWomen transmitters of the Hadith
,,,aWomen transplant surgeons
,,,aWomen transport workers
,,,aWomen travelers
,,,aWomen travelers in literature
,,,aWomen triathletes
,,,aWomen truck drivers
,,,aWomen type designers
,,,aWomen typographers
,,,aWomen veterans
,,,aWomen veterinarians
,,,aWomen veterinary students
,,,aWomen video game designers
,,,aWomen video gamers
,,,aWomen vintners
,,,aWomen violinists
,,,aWomen violists
,,,aWomen volleyball players
,,,aWomen volunteers
,,,aWomen volunteers in social service
,,,aWomen war correspondents
,,,aWomen war criminals
,,,aWomen water utility employees
,,,aWomen water-skiers
,,,aWomen weavers
,,,aWomen welders
,,,aWomen white collar workers
,,,aWomen with disabilities
,,,aWomen with disabilities in literature
,,,aWomen with mental disabilities
,,,aWomen with social disabilities
,,,aWomen wood-engravers
,,,aWomen wood-pulp industry workers
,,,aWomen wrestlers
,,,aWomen zoologists
,,,"aWomen, !Kung"
,,,"aWomen, Aboriginal Australian"
,,,"aWomen, Aboriginal Australian, in literature"
,,,"aWomen, Adivasi"
,,,"aWomen, Adnyamathanha"
,,,"aWomen, Adygei"
,,,"aWomen, Ainu"
,,,"aWomen, Akan"
,,,"aWomen, Akha"
,,,"aWomen, Anglo-Indian"
,,,"aWomen, Anglo-Indian, in literature"
,,,"aWomen, Arab"
,,,"aWomen, Ashanti"
,,,"aWomen, Asmat"
,,,"aWomen, Asu"
,,,"aWomen, Bafokeng"
,,,"aWomen, Baka"
,,,"aWomen, Balanta"
,,,"aWomen, Bambara"
,,,"aWomen, Bamileke"
,,,"aWomen, Bantu-speaking"
,,,"aWomen, Banyjima"
,,,"aWomen, Barabaig"
,,,"aWomen, Bariba"
,,,"aWomen, Baruya"
,,,"aWomen, Basa"
,,,"aWomen, Basque"
,,,"aWomen, Batwa"
,,,"aWomen, Baule"
,,,"aWomen, Bedouin"
,,,"aWomen, Bemba"
,,,"aWomen, Bengali"
,,,"aWomen, Berawan"
,,,"aWomen, Berber"
,,,"aWomen, Beti"
,,,"aWomen, Bhil"
,,,"aWomen, Bhotia"
,,,"aWomen, Bidayuh"
,,,"aWomen, Bijago"
,,,"aWomen, Bilen"
,,,"aWomen, Bini"
,,,"aWomen, Bira"
,,,"aWomen, Birom"
,,,"aWomen, Black"
,,,"aWomen, Black, in art"
,,,"aWomen, Black, in literature"
,,,"aWomen, Black, in motion pictures"
,,,"aWomen, Black, in popular culture"
,,,"aWomen, Bobo"
,,,"aWomen, Bobo Dioula"
,,,"aWomen, Buhid"
,,,"aWomen, Builsa"
,,,"aWomen, Buriat"
,,,"aWomen, Burmese"
,,,"aWomen, Bwa"
,,,"aWomen, Celtic"
,,,"aWomen, Chakma"
,,,"aWomen, Chamorro"
,,,"aWomen, Chewa"
,,,"aWomen, Chuukese"
,,,"aWomen, Chwabo"
,,,"aWomen, Cook Islander"
,,,"aWomen, Creole (Sierra Leone)"
,,,"aWomen, Cypriot"
,,,"aWomen, Dagaaba"
,,,"aWomen, Danube Swabian"
,,,"aWomen, Dayak"
,,,"aWomen, Daza"
,,,"aWomen, Dinka"
,,,"aWomen, Diola"
,,,"aWomen, Dogon"
,,,"aWomen, Dorobo"
,,,"aWomen, Dorze"
,,,"aWomen, East Indian"
,,,"aWomen, Enga"
,,,"aWomen, Eurasian"
,,,"aWomen, Fon"
,,,"aWomen, Fula"
,,,"aWomen, Gallong"
,,,"aWomen, Gambaye"
,,,"aWomen, Gamo"
,,,"aWomen, Ganda"
,,,"aWomen, Garo"
,,,"aWomen, Germanic"
,,,"aWomen, Gimi"
,,,"aWomen, Gisiga"
,,,"aWomen, Gogo"
,,,"aWomen, Gond"
,,,"aWomen, Gouin"
,,,"aWomen, Grasia"
,,,"aWomen, Grebo"
,,,"aWomen, Gusii"
,,,"aWomen, Hamar"
,,,"aWomen, Hamtai"
,,,"aWomen, Handa"
,,,"aWomen, Harari"
,,,"aWomen, Hatsa"
,,,"aWomen, Hausa"
,,,"aWomen, Haya"
,,,"aWomen, Hima"
,,,"aWomen, Hmong"
,,,"aWomen, Huli"
,,,"aWomen, Iatmul"
,,,"aWomen, Ibibio"
,,,"aWomen, Ifugao"
,,,"aWomen, Igbo"
,,,"aWomen, Iraqw"
,,,"aWomen, Jaintia"
,,,"aWomen, Javanese"
,,,"aWomen, Kabiye"
,,,"aWomen, Kabyle"
,,,"aWomen, Kalash"
,,,"aWomen, Kamba"
,,,"aWomen, Kamilaroi"
,,,"aWomen, Karamojong"
,,,"aWomen, Karanga"
,,,"aWomen, Karen"
,,,"aWomen, Kasem"
,,,"aWomen, Kela"
,,,"aWomen, Kewa"
,,,"aWomen, Kgatla"
,,,"aWomen, Khasi"
,,,"aWomen, Khmu'"
,,,"aWomen, Khoikhoi"
,,,"aWomen, Kikuyu"
,,,"aWomen, Kipsigis"
,,,"aWomen, Kiranti"
,,,"aWomen, Kisi (Tanzania)"
,,,"aWomen, Kucabandiyā"
,,,"aWomen, Kumauni"
,,,"aWomen, Kurdish"
,,,"aWomen, Kuria"
,,,"aWomen, Kurumba (India)"
,,,"aWomen, Kwena"
,,,"aWomen, Lambadi"
,,,"aWomen, Lango"
,,,"aWomen, Lao"
,,,"aWomen, Lebou"
,,,"aWomen, Limbu"
,,,"aWomen, Lisu"
,,,"aWomen, Logooli"
,,,"aWomen, Loma"
,,,"aWomen, Lushai"
,,,"aWomen, Lyela"
,,,"aWomen, Maasai"
,,,"aWomen, Mafa"
,,,"aWomen, Magar"
,,,"aWomen, Malay"
,,,"aWomen, Male (African people)"
,,,"aWomen, Mandingo"
,,,"aWomen, Mang"
,,,"aWomen, Manga"
,,,"aWomen, Manyika"
,,,"aWomen, Maori"
,,,"aWomen, Marakwet"
,,,"aWomen, Maratha"
,,,"aWomen, Mari"
,,,"aWomen, Mawri"
,,,"aWomen, Mbugwe"
,,,"aWomen, Mbuti"
,,,"aWomen, Medlpa"
,,,"aWomen, Meithei"
,,,"aWomen, Mende"
,,,"aWomen, Meo"
,,,"aWomen, Minahasa"
,,,"aWomen, Minangkabau"
,,,"aWomen, Minianka"
,,,"aWomen, Mon"
,,,"aWomen, Mossi"
,,,"aWomen, Mpongwe"
,,,"aWomen, Muhajir"
,,,"aWomen, Mukkuvar"
,,,"aWomen, Munda"
,,,"aWomen, Muria"
,,,"aWomen, Murzu"
,,,"aWomen, Nama"
,,,"aWomen, Narrinyeri"
,,,"aWomen, Ndebele"
,,,"aWomen, Newar"
,,,"aWomen, Ngangte"
,,,"aWomen, Nisi"
,,,"aWomen, Nubian"
,,,"aWomen, Nuer"
,,,"aWomen, Nyarafolo"
,,,"aWomen, Nyaturu"
,,,"aWomen, Nyishangba"
,,,"aWomen, Oirata"
,,,"aWomen, Okiek"
,,,"aWomen, Orang Asli"
,,,"aWomen, Ovambo"
,,,"aWomen, Oyo"
,,,"aWomen, Palestinian Arab"
,,,"aWomen, Pedi"
,,,"aWomen, Pitjantjatjara"
,,,"aWomen, Prehistoric"
,,,"aWomen, Prehistoric, in art"
,,,"aWomen, Pushtun"
,,,"aWomen, Pygmy"
,,,"aWomen, Raj Gond"
,,,"aWomen, Rajput"
,,,"aWomen, Rendille"
,,,"aWomen, Rodiya"
,,,"aWomen, Rohingya"
,,,"aWomen, Romani"
,,,"aWomen, Romani, in literature"
,,,"aWomen, Romani, in motion pictures"
,,,"aWomen, Romani, in music"
,,,"aWomen, Romani, in popular culture"
,,,"aWomen, Saharia"
,,,"aWomen, Sambia"
,,,"aWomen, Sami"
,,,"aWomen, Samoan"
,,,"aWomen, Saramacca"
,,,"aWomen, Senufo"
,,,"aWomen, Serer"
,,,"aWomen, Sgaw Karen"
,,,"aWomen, Shan"
,,,"aWomen, Shandar"
,,,"aWomen, Shawiya"
,,,"aWomen, Shona"
,,,"aWomen, Siddi"
,,,"aWomen, Somali"
,,,"aWomen, Songhai"
,,,"aWomen, Sotho"
,,,"aWomen, Sumi Naga"
,,,"aWomen, Suri"
,,,"aWomen, Swahili-speaking"
,,,"aWomen, Swazi"
,,,"aWomen, Tainui"
,,,"aWomen, Tairora"
,,,"aWomen, Talaandig"
,,,"aWomen, Tamang"
,,,"aWomen, Tamil"
,,,"aWomen, Tanala"
,,,"aWomen, Tanga (Africa)"
,,,"aWomen, Tangkhul"
,,,"aWomen, Tarok"
,,,"aWomen, Tayal"
,,,"aWomen, Tetum"
,,,"aWomen, Tharu"
,,,"aWomen, Tibetan"
,,,"aWomen, Tigrinya"
,,,"aWomen, Tiv"
,,,"aWomen, Tiwi (Australia)"
,,,"aWomen, Toba-Batak"
,,,"aWomen, Tonga (Zambezi)"
,,,"aWomen, Torres Strait Islander"
,,,"aWomen, Tswana"
,,,"aWomen, Tuareg"
,,,"aWomen, Turkana"
,,,"aWomen, Turkish"
,,,"aWomen, Turkmen"
,,,"aWomen, Ukrainian"
,,,"aWomen, Viking"
,,,"aWomen, Walmajarri"
,,,"aWomen, Warlpiri"
,,,"aWomen, White"
,,,"aWomen, White, in art"
,,,"aWomen, White, in literature"
,,,"aWomen, White, in motion pictures"
,,,"aWomen, Wiru"
,,,"aWomen, Wolof"
,,,"aWomen, Yi"
,,,"aWomen, Yi, in art"
,,,"aWomen, Yombe (Congo and Angola)"
,,,"aWomen, Yoruba"
,,,"aWomen, Yuin"
,,,"aWomen, Zaramo"
,,,"aWomen, Zulu"
,,,aWomen-owned architectural firms
,,,aWomen-owned business enterprises
,,,aWomen-owned engineering firms
,,,aWomen-owned landscape architectural firms
,,,aWomen-owned law firms
,,,aWomen's bands (Music)
,,,aWomens Bay (Alaska)
,,,aWomen's bookplates
,,,aWomen's bookstores
,,,aWomen's Cave (Romania)
,,,aWomen's choirs
,,,aWomen's chorus
,,,aWomen's clothing
,,,aWomen's clothing industry
,,,aWomen's colleges
,,,aWomen's colleges in literature
,,,aWomen's computer network resources
,,,aWomen's dreams
,,,aWomen's encyclopedias and dictionaries
,,,"aWomen's encyclopedias and dictionaries, Chinese"
,,,"aWomen's encyclopedias and dictionaries, German"
,,,"aWomen's encyclopedias and dictionaries, Japanese"
,,,"aWomen's encyclopedias and dictionaries, Korean"
,,,aWomen's exchanges
,,,"aWomen's Gymnasium (Provo, Utah)"
,,,aWomen's hats
,,,aWomen's health services
,,,aWomen's History Month
,,,aWomen's History Week
,,,aWomen's hospitals
,,,aWomen's institutes
,,,aWomen's mass media
,,,"aWomen's Monument (Vancouver, B.C.)"
,,,aWomen's Murder Club (Imaginary organization)
,,,aWomen's music
,,,aWomen's music festivals
,,,"aWomen's Park (Yellow Springs, Ohio)"
,,,aWomen's periodicals
,,,"aWomen's periodicals, African"
,,,"aWomen's periodicals, American"
,,,"aWomen's periodicals, Arabic"
,,,"aWomen's periodicals, Australian"
,,,"aWomen's periodicals, Austrian"
,,,"aWomen's periodicals, Bolivian"
,,,"aWomen's periodicals, Brazilian"
,,,"aWomen's periodicals, Canadian"
,,,"aWomen's periodicals, Catalan"
,,,"aWomen's periodicals, Chinese"
,,,"aWomen's periodicals, Czech"
,,,"aWomen's periodicals, Danish"
,,,"aWomen's periodicals, Dutch"
,,,"aWomen's periodicals, English"
,,,"aWomen's periodicals, European"
,,,"aWomen's periodicals, Faroese"
,,,"aWomen's periodicals, Finnish"
,,,"aWomen's periodicals, French"
,,,"aWomen's periodicals, French-Canadian"
,,,"aWomen's periodicals, German"
,,,"aWomen's periodicals, Hindi"
,,,"aWomen's periodicals, Irish"
,,,"aWomen's periodicals, Italian"
,,,"aWomen's periodicals, Japanese"
,,,"aWomen's periodicals, Korean"
,,,"aWomen's periodicals, Kurdish"
,,,"aWomen's periodicals, Lithuanian"
,,,"aWomen's periodicals, Mexican"
,,,"aWomen's periodicals, New Zealand"
,,,"aWomen's periodicals, Persian"
,,,"aWomen's periodicals, Philippine"
,,,"aWomen's periodicals, Polish"
,,,"aWomen's periodicals, Russian"
,,,"aWomen's periodicals, Serbian"
,,,"aWomen's periodicals, Slovenian"
,,,"aWomen's periodicals, Spanish"
,,,"aWomen's periodicals, Swedish"
,,,"aWomen's periodicals, Swiss"
,,,"aWomen's periodicals, Tamil"
,,,"aWomen's periodicals, Thai"
,,,"aWomen's periodicals, Turkish"
,,,"aWomen's periodicals, Ukrainian"
,,,aWomen's police stations
,,,aWomen's prayer groups
,,,aWomen's restrooms
,,,"aWomen's Revolt, Nigeria, 1929"
,,,aWomen's rights
,,,aWomen's rights and spiritualism
,,,aWomen's rights in literature
,,,aWomen's Rights National Historic Trail (Mass. and N.Y.)
,,,aWomen's Rights National Historical Park (N.Y.)
,,,aWomen's shelters
,,,aWomen's shoes
,,,aWomen's studies
,,,aWomen's studies libraries
,,,aWomen's television programs
,,,aWomen's voices
,,,aWomen's volunteer labor corps
,,,aWomen's wit and humor
,,,aWoodland women
,,,aWyandot women
,,,aYakama women
,,,aYankton women
,,,aYanomamo women
,,,aYaqui women
,,,aYavapai women
,,,aYuchi women
,,,aYuma women
,,,aYurok women
,,,aZapotec women
,,,aZoque women
,,,aZoroastrian women
